# Time, Phi
0.000000000000000000e+00,3.799999999999999822e+00
8.008008008008007939e-02,3.759387661163008154e+00
1.601601601601601588e-01,3.694848393004678933e+00
2.402402402402402382e-01,3.607613337786897745e+00
3.203203203203203175e-01,3.499108637609541272e+00
4.004004004004003692e-01,3.370936719403599291e+00
4.804804804804804763e-01,3.224856282979362110e+00
5.605605605605605835e-01,3.062761220577894683e+00
6.406406406406406351e-01,2.886658701504911662e+00
7.207207207207206867e-01,2.698646658128154741e+00
8.008008008008007383e-01,2.500890909823435315e+00
8.808808808808809010e-01,2.295602159414562138e+00
9.609609609609609526e-01,2.085013092344180308e+00
1.041041041041041115e+00,1.871355802332573814e+00
1.121121121121121167e+00,1.656839758745194846e+00
1.201201201201201219e+00,1.443630520430286168e+00
1.281281281281281270e+00,1.233829388554355200e+00
1.361361361361361322e+00,1.029454177118452218e+00
1.441441441441441373e+00,8.324212645571154034e-01
1.521521521521521425e+00,6.445290732895894159e-01
1.601601601601601477e+00,4.674431065024092780e-01
1.681681681681681750e+00,3.026826529926107678e-01
1.761761761761761802e+00,1.516092517942326801e-01
1.841841841841841854e+00,1.541698875180785855e-02
1.921921921921921905e+00,-1.048753226029504049e-01
2.002002002002002179e+00,-2.084300433694630250e-01
2.082082082082082231e+00,-2.945946819939777583e-01
2.162162162162162282e+00,-3.629039439478065621e-01
2.242242242242242334e+00,-4.130798837716398442e-01
2.322322322322322385e+00,-4.450302030297155209e-01
2.402402402402402437e+00,-4.588447549971774730e-01
2.482482482482482489e+00,-4.547903331725651199e-01
2.562562562562562540e+00,-4.333038358283609615e-01
2.642642642642642592e+00,-3.949839126637655351e-01
2.722722722722722644e+00,-3.405812120986850822e-01
2.802802802802802695e+00,-2.709873587558035979e-01
2.882882882882882747e+00,-1.872228001446132328e-01
2.962962962962962798e+00,-9.042366943050161865e-02
3.043043043043042850e+00,1.817218259637209954e-02
3.123123123123122902e+00,1.372398286663194522e-01
3.203203203203202953e+00,2.653824186980220379e-01
3.283283283283283449e+00,4.011466841474379263e-01
3.363363363363363501e+00,5.430386315740729497e-01
3.443443443443443552e+00,6.895392659248311684e-01
3.523523523523523604e+00,8.391201875282885414e-01
3.603603603603603656e+00,9.902589117428792775e-01
3.683683683683683707e+00,1.141453766527636748e+00
3.763763763763763759e+00,1.291238230808629872e+00
3.843843843843843811e+00,1.438194585292724481e+00
3.923923923923923862e+00,1.580966757218039254e+00
4.004004004004004358e+00,1.718272251305307474e+00
4.084084084084084409e+00,1.848913070757495225e+00
4.164164164164164461e+00,1.971785544412968605e+00
4.244244244244244513e+00,2.085888988953080947e+00
4.324324324324324564e+00,2.190333148259168805e+00
4.404404404404404616e+00,2.284344365466794535e+00
4.484484484484484668e+00,2.367270456837642811e+00
4.564564564564564719e+00,2.438584270124887432e+00
4.644644644644644771e+00,2.497885923512549677e+00
4.724724724724724823e+00,2.544903734334658552e+00
4.804804804804804874e+00,2.579493859502727915e+00
4.884884884884884926e+00,2.601638681774288919e+00
4.964964964964964977e+00,2.611443987572467318e+00
5.045045045045045029e+00,2.609134992917671259e+00
5.125125125125125081e+00,2.595051284067182440e+00
5.205205205205205132e+00,2.569640748597275426e+00
5.285285285285285184e+00,2.533452580836271117e+00
5.365365365365365236e+00,2.487129452707955934e+00
5.445445445445445287e+00,2.431398947126639509e+00
5.525525525525525339e+00,2.367064356063128372e+00
5.605605605605605390e+00,2.294994949252049388e+00
5.685685685685685442e+00,2.216115822224061560e+00
5.765765765765765494e+00,2.131397433921653040e+00
5.845845845845845545e+00,2.041844944605970547e+00
5.925925925925925597e+00,1.948487464106755329e+00
6.006006006006005649e+00,1.852367318740617996e+00
6.086086086086085700e+00,1.754529442467101186e+00
6.166166166166165752e+00,1.656010994118886082e+00
6.246246246246245803e+00,1.557831297892139810e+00
6.326326326326325855e+00,1.460982198783150166e+00
6.406406406406405907e+00,1.366418918382449998e+00
6.486486486486486847e+00,1.275051489468056687e+00
6.566566566566566898e+00,1.187736840260515958e+00
6.646646646646646950e+00,1.105271591103493378e+00
6.726726726726727001e+00,1.028385617807017871e+00
6.806806806806807053e+00,9.577364270305908089e-01
6.886886886886887105e+00,8.939043799854811123e-01
6.966966966966967156e+00,8.373887914954331047e-01
7.047047047047047208e+00,7.886049221669890752e-01
7.127127127127127260e+00,7.478818721779385559e-01
7.207207207207207311e+00,7.154613760849150017e-01
7.287287287287287363e+00,6.914974891659041445e-01
7.367367367367367414e+00,6.760571472326872833e-01
7.447447447447447466e+00,6.691215736496229916e-01
7.527527527527527518e+00,6.705884995506531387e-01
7.607607607607607569e+00,6.802751560215319904e-01
7.687687687687687621e+00,6.979219903682507553e-01
7.767767767767767673e+00,7.231970525772291047e-01
7.847847847847847724e+00,7.557009927325635257e-01
7.927927927927927776e+00,7.949726055272056113e-01
8.008008008008008716e+00,8.404948541171467502e-01
8.088088088088088767e+00,8.917013024413856792e-01
8.168168168168168819e+00,9.479828827784456680e-01
8.248248248248248871e+00,1.008694923737289084e+00
8.328328328328328922e+00,1.073164363083765505e+00
8.408408408408408974e+00,1.140697069772633077e+00
8.488488488488489025e+00,1.210585200271803386e+00
8.568568568568569077e+00,1.282114515705068403e+00
8.648648648648649129e+00,1.354571588470614651e+00
8.728728728728729180e+00,1.427250829777878982e+00
8.808808808808809232e+00,1.499461272941457146e+00
8.888888888888889284e+00,1.570533051230029509e+00
8.968968968968969335e+00,1.639823513538005262e+00
9.049049049049049387e+00,1.706722926071532198e+00
9.129129129129129439e+00,1.770659713559403770e+00
9.209209209209209490e+00,1.831105199151082719e+00
9.289289289289289542e+00,1.887577808085078912e+00
9.369369369369369593e+00,1.939646706336143112e+00
9.449449449449449645e+00,1.986934851714040606e+00
9.529529529529529697e+00,2.029121441224730482e+00
9.609609609609609748e+00,2.065943744852270392e+00
9.689689689689689800e+00,2.097198322213862820e+00
9.769769769769769852e+00,2.122741624720096087e+00
9.849849849849849903e+00,2.142489991879483302e+00
9.929929929929929955e+00,2.156419056165416404e+00
1.001001001001001001e+01,2.164562576363198598e+00
1.009009009009009006e+01,2.167010724486968520e+00
1.017017017017017011e+01,2.163907856157976983e+00
1.025025025025025016e+01,2.155449798728062749e+00
1.033033033033033021e+01,2.141880695381647381e+00
1.041041041041041026e+01,2.123489446927714575e+00
1.049049049049049032e+01,2.100605795976759449e+00
1.057057057057057037e+01,2.073596100668976039e+00
1.065065065065065042e+01,2.042858847066704620e+00
1.073073073073073047e+01,2.008819950739547888e+00
1.081081081081081052e+01,1.971927898953368397e+00
1.089089089089089057e+01,1.932648785228335164e+00
1.097097097097097063e+01,1.891461287865507268e+00
1.105105105105105068e+01,1.848851643370033049e+00
1.113113113113113073e+01,1.805308664540491881e+00
1.121121121121121078e+01,1.761318851371370897e+00
1.129129129129129083e+01,1.717361640855975535e+00
1.137137137137137088e+01,1.673904839311174841e+00
1.145145145145145094e+01,1.631400278007061999e+00
1.153153153153153099e+01,1.590279729710918355e+00
1.161161161161161104e+01,1.550951120285001705e+00
1.169169169169169109e+01,1.513795065752969737e+00
1.177177177177177114e+01,1.479161761313093404e+00
1.185185185185185119e+01,1.447368244671587645e+00
1.193193193193193125e+01,1.418696051841130901e+00
1.201201201201201130e+01,1.393389279242406076e+00
1.209209209209209135e+01,1.371653061604947155e+00
1.217217217217217140e+01,1.353652470831191224e+00
1.225225225225225145e+01,1.339511836707134584e+00
1.233233233233233150e+01,1.329314486155384945e+00
1.241241241241241156e+01,1.323102893670786262e+00
1.249249249249249161e+01,1.320879231692208666e+00
1.257257257257257166e+01,1.322606305980778663e+00
1.265265265265265171e+01,1.328208857626486550e+00
1.273273273273273176e+01,1.337575210120069746e+00
1.281281281281281181e+01,1.350559237030683146e+00
1.289289289289289364e+01,1.366982623243787387e+00
1.297297297297297369e+01,1.386637390456139762e+00
1.305305305305305374e+01,1.409288655710254856e+00
1.313313313313313380e+01,1.434677590189953111e+00
1.321321321321321385e+01,1.462524544298696938e+00
1.329329329329329390e+01,1.492532304206567240e+00
1.337337337337337395e+01,1.524389444579615338e+00
1.345345345345345400e+01,1.557773742092908975e+00
1.353353353353353405e+01,1.592355614568535360e+00
1.361361361361361411e+01,1.627801551161280447e+00
1.369369369369369416e+01,1.663777499923938752e+00
1.377377377377377421e+01,1.699952180304355576e+00
1.385385385385385426e+01,1.736000289638033323e+00
1.393393393393393431e+01,1.771605574481500023e+00
1.401401401401401436e+01,1.806463739658682677e+00
1.409409409409409442e+01,1.840285170139459359e+00
1.417417417417417447e+01,1.872797443308827248e+00
1.425425425425425452e+01,1.903747611788215277e+00
1.433433433433433457e+01,1.932904239707662786e+00
1.441441441441441462e+01,1.960059178168770400e+00
1.449449449449449467e+01,1.985029068552873310e+00
1.457457457457457473e+01,2.007656565286320305e+00
1.465465465465465478e+01,2.027811272644859386e+00
1.473473473473473483e+01,2.045390393132191065e+00
1.481481481481481488e+01,2.060319087875135846e+00
1.489489489489489493e+01,2.072550552311781757e+00
1.497497497497497498e+01,2.082065813183352265e+00
1.505505505505505504e+01,2.088873255450549582e+00
1.513513513513513509e+01,2.093007890218092637e+00
1.521521521521521514e+01,2.094530377046181613e+00
1.529529529529529519e+01,2.093525816135987760e+00
1.537537537537537524e+01,2.090102327781647951e+00
1.545545545545545529e+01,2.084389438169588882e+00
1.553553553553553535e+01,2.076536292065807032e+00
1.561561561561561540e+01,2.066709714154015387e+00
1.569569569569569545e+01,2.055092141765844538e+00
1.577577577577577550e+01,2.041879452474776535e+00
1.585585585585585555e+01,2.027278710506748016e+00
1.593593593593593560e+01,2.011505856153639193e+00
1.601601601601601743e+01,1.994783362364732193e+00
1.609609609609609748e+01,1.977337882441509986e+00
1.617617617617617753e+01,1.959397912281141130e+00
1.625625625625625759e+01,1.941191489913738355e+00
1.633633633633633764e+01,1.922943954170212022e+00
1.641641641641641769e+01,1.904875783215128626e+00
1.649649649649649774e+01,1.887200532397975694e+00
1.657657657657657779e+01,1.870122889433440738e+00
1.665665665665665784e+01,1.853836863334923812e+00
1.673673673673673790e+01,1.838524121814520962e+00
1.681681681681681795e+01,1.824352490047008946e+00
1.689689689689689800e+01,1.811474621795404749e+00
1.697697697697697805e+01,1.800026851932156058e+00
1.705705705705705810e+01,1.790128237383899146e+00
1.713713713713713815e+01,1.781879791499790144e+00
1.721721721721721821e+01,1.775363914814261701e+00
1.729729729729729826e+01,1.770644023164698933e+00
1.737737737737737831e+01,1.767764372152429653e+00
1.745745745745745836e+01,1.766750075020104838e+00
1.753753753753753841e+01,1.767607309177630315e+00
1.761761761761761846e+01,1.770323704858662639e+00
1.769769769769769852e+01,1.774868907745470459e+00
1.777777777777777857e+01,1.781195305875397317e+00
1.785785785785785862e+01,1.789238909749467643e+00
1.793793793793793867e+01,1.798920373313467325e+00
1.801801801801801872e+01,1.810146142383093126e+00
1.809809809809809877e+01,1.822809716144733638e+00
1.817817817817817883e+01,1.836793006587647659e+00
1.825825825825825888e+01,1.851967780115512774e+00
1.833833833833833893e+01,1.868197165147539529e+00
1.841841841841841898e+01,1.885337209251849444e+00
1.849849849849849903e+01,1.903238469255252197e+00
1.857857857857857908e+01,1.921747617840831923e+00
1.865865865865865914e+01,1.940709050373308209e+00
1.873873873873873919e+01,1.959966476075852393e+00
1.881881881881881924e+01,1.979364478213489154e+00
1.889889889889889929e+01,1.998750028608577756e+00
1.897897897897897934e+01,2.017973942613285665e+00
1.905905905905905939e+01,2.036892261581443098e+00
1.913913913913913944e+01,2.055367550905857765e+00
1.921921921921921950e+01,2.073270102804424475e+00
1.929929929929929955e+01,2.090479034235948497e+00
1.937937937937937960e+01,2.106883271590739071e+00
1.945945945945945965e+01,2.122382415117741061e+00
1.953953953953953970e+01,2.136887477404863400e+00
1.961961961961961975e+01,2.150321491608107483e+00
1.969969969969969981e+01,2.162619986513770520e+00
1.977977977977977986e+01,2.173731326902533567e+00
1.985985985985985991e+01,2.183616919051034611e+00
1.993993993993993996e+01,2.192251282542460711e+00
2.002002002002002001e+01,2.199621990850424424e+00
2.010010010010010006e+01,2.205729484397994433e+00
2.018018018018018012e+01,2.210586760965494779e+00
2.026026026026026017e+01,2.214218949416427051e+00
2.034034034034034022e+01,2.216662773721672863e+00
2.042042042042042027e+01,2.217965915179979763e+00
2.050050050050050032e+01,2.218186281550782901e+00
2.058058058058058037e+01,2.217391192527957244e+00
2.066066066066066043e+01,2.215656491585614507e+00
2.074074074074074048e+01,2.213065594716156159e+00
2.082082082082082053e+01,2.209708486954413242e+00
2.090090090090090058e+01,2.205680677838815384e+00
2.098098098098098063e+01,2.201082127101449348e+00
2.106106106106106068e+01,2.196016151904847558e+00
2.114114114114114074e+01,2.190588326856965473e+00
2.122122122122122079e+01,2.184905387840542446e+00
2.130130130130130084e+01,2.179074150393363052e+00
2.138138138138138089e+01,2.173200452977381847e+00
2.146146146146146094e+01,2.167388134983417647e+00
2.154154154154154099e+01,2.161738058741312862e+00
2.162162162162162105e+01,2.156347184150752661e+00
2.170170170170170110e+01,2.151307703823685191e+00
2.178178178178178115e+01,2.146706245844288929e+00
2.186186186186186120e+01,2.142623150415885913e+00
2.194194194194194125e+01,2.139131825785584251e+00
2.202202202202202130e+01,2.136298187926420677e+00
2.210210210210210136e+01,2.134180187523153638e+00
2.218218218218218141e+01,2.132827426861360731e+00
2.226226226226226146e+01,2.132280868269802010e+00
2.234234234234234151e+01,2.132572634822538671e+00
2.242242242242242156e+01,2.133725903079282560e+00
2.250250250250250161e+01,2.135754886738610914e+00
2.258258258258258167e+01,2.138664909207450116e+00
2.266266266266266172e+01,2.142452562259362647e+00
2.274274274274274177e+01,2.147105947171003226e+00
2.282282282282282182e+01,2.152604993997140337e+00
2.290290290290290187e+01,2.158921853975874328e+00
2.298298298298298192e+01,2.166021359452256156e+00
2.306306306306306197e+01,2.173861545174813781e+00
2.314314314314314203e+01,2.182394224359205381e+00
2.322322322322322208e+01,2.191565612529053908e+00
2.330330330330330213e+01,2.201316991838063064e+00
2.338338338338338218e+01,2.211585408350844162e+00
2.346346346346346223e+01,2.222304394612925282e+00
2.354354354354354228e+01,2.233404709772677688e+00
2.362362362362362234e+01,2.244815089528198637e+00
2.370370370370370239e+01,2.256462998258571329e+00
2.378378378378378244e+01,2.268275375858710419e+00
2.386386386386386249e+01,2.280179372026896356e+00
2.394394394394394254e+01,2.292103061050158264e+00
2.402402402402402259e+01,2.303976130490368757e+00
2.410410410410410265e+01,2.315730537588324367e+00
2.418418418418418270e+01,2.327301127668680358e+00
2.426426426426426275e+01,2.338626209339669249e+00
2.434434434434434280e+01,2.349648081831836599e+00
2.442442442442442285e+01,2.360313510403294401e+00
2.450450450450450290e+01,2.370574146348605638e+00
2.458458458458458296e+01,2.380386888777786147e+00
2.466466466466466301e+01,2.389714185974317395e+00
2.474474474474474306e+01,2.398524274789850974e+00
2.482482482482482311e+01,2.406791357181941926e+00
2.490490490490490316e+01,2.414495713643191266e+00
2.498498498498498321e+01,2.421623753899496911e+00
2.506506506506506327e+01,2.428168005865746437e+00
2.514514514514514332e+01,2.434127044433674225e+00
2.522522522522522337e+01,2.439505362223499230e+00
2.530530530530530342e+01,2.444313184953606388e+00
2.538538538538538347e+01,2.448566234566546651e+00
2.546546546546546352e+01,2.452285443691144096e+00
2.554554554554554358e+01,2.455496625416195844e+00
2.562562562562562363e+01,2.458230102698272024e+00
2.570570570570570723e+01,2.460520302022219052e+00
2.578578578578578728e+01,2.462405316176414782e+00
2.586586586586586733e+01,2.463926441194469685e+00
2.594594594594594739e+01,2.465127692650320945e+00
2.602602602602602744e+01,2.466055306574459038e+00
2.610610610610610749e+01,2.466757230285894664e+00
2.618618618618618754e+01,2.467282608408380984e+00
2.626626626626626759e+01,2.467681269261928989e+00
2.634634634634634764e+01,2.468003216693702040e+00
2.642642642642642770e+01,2.468298132238456510e+00
2.650650650650650775e+01,2.468614892280581508e+00
2.658658658658658780e+01,2.469001104630704990e+00
2.666666666666666785e+01,2.469502668633335229e+00
2.674674674674674790e+01,2.470163362591860867e+00
2.682682682682682795e+01,2.471024461937520122e+00
2.690690690690690801e+01,2.472124391183993630e+00
2.698698698698698806e+01,2.473498412303298810e+00
2.706706706706706811e+01,2.475178351736421423e+00
2.714714714714714816e+01,2.477192367817937946e+00
2.722722722722722821e+01,2.479564759952484376e+00
2.730730730730730826e+01,2.482315820436773901e+00
2.738738738738738832e+01,2.485461729378440676e+00
2.746746746746746837e+01,2.489014492726594252e+00
2.754754754754754842e+01,2.492981923002786981e+00
2.762762762762762847e+01,2.497367661909116965e+00
2.770770770770770852e+01,2.502171243596090555e+00
2.778778778778778857e+01,2.507388197000168351e+00
2.786786786786786863e+01,2.513010185312755773e+00
2.794794794794794868e+01,2.519025180321671886e+00
2.802802802802802873e+01,2.525417669075297411e+00
2.810810810810810878e+01,2.532168890060873867e+00
2.818818818818818883e+01,2.539257095863578950e+00
2.826826826826826888e+01,2.546657839083464214e+00
2.834834834834834894e+01,2.554344278134095259e+00
2.842842842842842899e+01,2.562287499430540905e+00
2.850850850850850904e+01,2.570456852395341052e+00
2.858858858858858909e+01,2.578820293669275010e+00
2.866866866866866914e+01,2.587344736908604226e+00
2.874874874874874919e+01,2.595996404581152994e+00
2.882882882882882924e+01,2.604741178239049937e+00
2.890890890890890930e+01,2.613544943844565260e+00
2.898898898898898935e+01,2.622373928855632474e+00
2.906906906906906940e+01,2.631195027937211162e+00
2.914914914914914945e+01,2.639976114351381131e+00
2.922922922922922950e+01,2.648686334290451860e+00
2.930930930930930955e+01,2.657296381650822603e+00
2.938938938938938961e+01,2.665778750997877200e+00
2.946946946946946966e+01,2.674107966741041675e+00
2.954954954954954971e+01,2.682260786820113374e+00
2.962962962962962976e+01,2.690216379496062071e+00
2.970970970970970981e+01,2.697956472138552719e+00
2.978978978978978986e+01,2.705465471205316774e+00
2.986986986986986992e+01,2.712730552912160142e+00
2.994994994994994997e+01,2.719741724393783144e+00
3.003003003003003002e+01,2.726491855451801172e+00
3.011011011011011007e+01,2.732976681274566388e+00
3.019019019019019012e+01,2.739194776791014529e+00
3.027027027027027017e+01,2.745147503585169346e+00
3.035035035035035023e+01,2.750838930547006900e+00
3.043043043043043028e+01,2.756275729666856744e+00
3.051051051051051033e+01,2.761467048592638474e+00
3.059059059059059038e+01,2.766424361760305928e+00
3.067067067067067043e+01,2.771161302076539101e+00
3.075075075075075048e+01,2.775693475277827282e+00
3.083083083083083054e+01,2.780038259210777518e+00
3.091091091091091059e+01,2.784214590374133547e+00
3.099099099099099064e+01,2.788242740133241693e+00
3.107107107107107069e+01,2.792144083062497284e+00
3.115115115115115074e+01,2.795940859890750030e+00
3.123123123123123079e+01,2.799655937519215598e+00
3.131131131131131085e+01,2.803312568551750594e+00
3.139139139139139090e+01,2.806934152724198217e+00
3.147147147147147095e+01,2.810544002544161923e+00
3.155155155155155100e+01,2.814165115356065172e+00
3.163163163163163105e+01,2.817819953930333465e+00
3.171171171171171110e+01,2.821530237541519437e+00
3.179179179179179116e+01,2.825316745349943925e+00
3.187187187187187121e+01,2.829199133736835847e+00
3.195195195195195126e+01,2.833195769065959269e+00
3.203203203203203486e+01,2.837323577157379262e+00
3.211211211211211491e+01,2.841597910563439910e+00
3.219219219219219497e+01,2.846032434535308298e+00
3.227227227227227502e+01,2.850639032362739744e+00
3.235235235235235507e+01,2.855427730562169586e+00
3.243243243243243512e+01,2.860406644180905733e+00
3.251251251251251517e+01,2.865581942280158056e+00
3.259259259259259522e+01,2.870957833458824826e+00
3.267267267267267528e+01,2.876536571085310801e+00
3.275275275275275533e+01,2.882318477717880079e+00
3.283283283283283538e+01,2.888301988016825916e+00
3.291291291291291543e+01,2.894483709285685880e+00
3.299299299299299548e+01,2.900858498625025650e+00
3.307307307307307553e+01,2.907419555542404499e+00
3.315315315315315559e+01,2.914158528736889409e+00
3.323323323323323564e+01,2.921065635666927118e+00
3.331331331331331569e+01,2.928129793417129534e+00
3.339339339339339574e+01,2.935338759303167233e+00
3.347347347347347579e+01,2.942679279594834885e+00
3.355355355355355584e+01,2.950137244695612448e+00
3.363363363363363590e+01,2.957697849092733033e+00
3.371371371371371595e+01,2.965345754384649979e+00
3.379379379379379600e+01,2.973065253702612765e+00
3.387387387387387605e+01,2.980840435869232419e+00
3.395395395395395610e+01,2.988655347678856877e+00
3.403403403403403615e+01,2.996494152741472128e+00
3.411411411411411621e+01,3.004341285402772233e+00
3.419419419419419626e+01,3.012181598336983068e+00
3.427427427427427631e+01,3.020000502504839091e+00
3.435435435435435636e+01,3.027784098275545510e+00
3.443443443443443641e+01,3.035519296627379848e+00
3.451451451451451646e+01,3.043193929465303427e+00
3.459459459459459651e+01,3.050796848224306856e+00
3.467467467467467657e+01,3.058318010062635040e+00
3.475475475475475662e+01,3.065748551088130824e+00
3.483483483483483667e+01,3.073080846202245198e+00
3.491491491491491672e+01,3.080308555288270966e+00
3.499499499499499677e+01,3.087426655611776649e+00
3.507507507507507682e+01,3.094431460440476567e+00
3.515515515515515688e+01,3.101320624026775441e+00
3.523523523523523693e+01,3.108093133227472826e+00
3.531531531531531698e+01,3.114749286160620301e+00
3.539539539539539703e+01,3.121290658418041986e+00
3.547547547547547708e+01,3.127720057462648473e+00
3.555555555555555713e+01,3.134041465941443505e+00
3.563563563563563719e+01,3.140259974737236170e+00
3.571571571571571724e+01,3.146381706663915701e+00
3.579579579579579729e+01,3.152413731781047446e+00
3.587587587587587734e+01,3.158363975363208009e+00
3.595595595595595739e+01,3.164241119607395181e+00
3.603603603603603744e+01,3.170054500198039360e+00
3.611611611611611750e+01,3.175813998873307398e+00
3.619619619619619755e+01,3.181529933148786071e+00
3.627627627627627760e+01,3.187212944355227506e+00
3.635635635635635765e+01,3.192873885136248813e+00
3.643643643643643770e+01,3.198523707530027682e+00
3.651651651651651775e+01,3.204173352726551016e+00
3.659659659659659781e+01,3.209833643549545368e+00
3.667667667667667786e+01,3.215515180660382111e+00
3.675675675675675791e+01,3.221228243420818149e+00
3.683683683683683796e+01,3.226982696283186236e+00
3.691691691691691801e+01,3.232787901501426475e+00
3.699699699699699806e+01,3.238652638875078260e+00
3.707707707707707812e+01,3.244585033152003195e+00
3.715715715715715817e+01,3.250592489625089510e+00
3.723723723723723822e+01,3.256681638364551379e+00
3.731731731731731827e+01,3.262858287431671833e+00
3.739739739739739832e+01,3.269127385322899482e+00
3.747747747747747837e+01,3.275492992796149139e+00
3.755755755755755843e+01,3.281958264134854808e+00
3.763763763763763848e+01,3.288525437810823515e+00
3.771771771771771853e+01,3.295195836414998691e+00
3.779779779779779858e+01,3.301969875636816543e+00
3.787787787787787863e+01,3.308847081988681271e+00
3.795795795795795868e+01,3.315826118892899910e+00
3.803803803803803874e+01,3.322904820674903892e+00
3.811811811811811879e+01,3.330080233939323620e+00
3.819819819819819884e+01,3.337348665744995557e+00
3.827827827827827889e+01,3.344705737941667145e+00
3.835835835835835894e+01,3.352146446985444950e+00
3.843843843843843899e+01,3.359665228512135560e+00
3.851851851851851904e+01,3.367256025917723328e+00
3.859859859859859910e+01,3.374912362173491776e+00
3.867867867867867915e+01,3.382627414089676599e+00
3.875875875875875920e+01,3.390394088236010184e+00
3.883883883883883925e+01,3.398205097729941393e+00
3.891891891891891930e+01,3.406053039113506209e+00
3.899899899899899935e+01,3.413930468557386355e+00
3.907907907907907941e+01,3.421829976655479388e+00
3.915915915915915946e+01,3.429744261104655578e+00
3.923923923923923951e+01,3.437666196602048529e+00
3.931931931931931956e+01,3.445588901335535414e+00
3.939939939939939961e+01,3.453505799491539019e+00
3.947947947947947966e+01,3.461410679257292511e+00
3.955955955955955972e+01,3.469297745851628534e+00
3.963963963963963977e+01,3.477161669178495451e+00
3.971971971971971982e+01,3.484997625760177797e+00
3.979979979979979987e+01,3.492801334671822300e+00
3.987987987987987992e+01,3.500569087264729262e+00
3.995995995995995997e+01,3.508297770532284865e+00
4.004004004004004003e+01,3.515984884038634295e+00
4.012012012012012008e+01,3.523628550395708103e+00
4.020020020020020013e+01,3.531227519338273169e+00
4.028028028028028018e+01,3.538781165508711357e+00
4.036036036036036023e+01,3.546289480122735593e+00
4.044044044044044028e+01,3.553753056743620409e+00
4.052052052052052034e+01,3.561173071445292493e+00
4.060060060060060039e+01,3.568551257693433509e+00
4.068068068068068044e+01,3.575889876318064875e+00
4.076076076076076049e+01,3.583191680990726269e+00
4.084084084084084054e+01,3.590459879653952857e+00
4.092092092092092059e+01,3.597698092380095858e+00
4.100100100100100065e+01,3.604910306160481248e+00
4.108108108108108070e+01,3.612100827144352433e+00
4.116116116116116075e+01,3.619274230859844454e+00
4.124124124124124080e+01,3.626435310956596769e+00
4.132132132132132085e+01,3.633589027011373318e+00
4.140140140140140090e+01,3.640740451934450839e+00
4.148148148148148096e+01,3.647894719505753613e+00
4.156156156156156101e+01,3.655056972555834616e+00
4.164164164164164106e+01,3.662232312288219660e+00
4.172172172172172111e+01,3.669425749216604693e+00
4.180180180180180116e+01,3.676642156163134167e+00
4.188188188188188121e+01,3.683886223733113141e+00
4.196196196196196126e+01,3.691162418647141674e+00
4.204204204204204132e+01,3.698474945274411674e+00
4.212212212212212137e+01,3.705827710671106168e+00
4.220220220220220142e+01,3.713224293386045094e+00
4.228228228228228147e+01,3.720667916252243135e+00
4.236236236236236152e+01,3.728161423338523406e+00
4.244244244244244157e+01,3.735707261190084338e+00
4.252252252252252163e+01,3.743307464441492094e+00
4.260260260260260168e+01,3.750963645840440286e+00
4.268268268268268173e+01,3.758676990676076635e+00
4.276276276276276178e+01,3.766448255562403702e+00
4.284284284284284183e+01,3.774277771485384125e+00
4.292292292292292188e+01,3.782165450982440724e+00
4.300300300300300194e+01,3.790110799285341781e+00
4.308308308308308199e+01,3.798112929222355216e+00
4.316316316316316204e+01,3.806170579643205265e+00
4.324324324324324209e+01,3.814282137101266290e+00
4.332332332332332214e+01,3.822445660501484710e+00
4.340340340340340219e+01,3.830658908400188079e+00
4.348348348348348225e+01,3.838919368624201134e+00
4.356356356356356230e+01,3.847224289861643776e+00
4.364364364364364235e+01,3.855570714865582893e+00
4.372372372372372240e+01,3.863955514904316768e+00
4.380380380380380245e+01,3.872375425088401268e+00
4.388388388388388250e+01,3.880827080204685142e+00
4.396396396396396256e+01,3.889307050691404477e+00
4.404404404404404261e+01,3.897811878395614826e+00
4.412412412412412266e+01,3.906338111764983356e+00
4.420420420420420271e+01,3.914882340139759886e+00
4.428428428428428276e+01,3.923441226827567796e+00
4.436436436436436281e+01,3.932011540663254312e+00
4.444444444444444287e+01,3.940590185778008347e+00
4.452452452452452292e+01,3.949174229326238184e+00
4.460460460460460297e+01,3.957760926944826618e+00
4.468468468468468302e+01,3.966347745747118569e+00
4.476476476476476307e+01,3.974932384683047992e+00
4.484484484484484312e+01,3.983512792126841173e+00
4.492492492492492318e+01,3.992087180584367179e+00
4.500500500500500323e+01,4.000654038443268057e+00
4.508508508508508328e+01,4.009212138719996155e+00
4.516516516516516333e+01,4.017760544788644417e+00
4.524524524524524338e+01,4.026298613106654045e+00
4.532532532532532343e+01,4.034825992981751597e+00
4.540540540540540349e+01,4.043342623452639728e+00
4.548548548548548354e+01,4.051848727382804327e+00
4.556556556556556359e+01,4.060344802891890481e+00
4.564564564564564364e+01,4.068831612272505005e+00
4.572572572572572369e+01,4.077310168561614212e+00
4.580580580580580374e+01,4.085781719954818314e+00
4.588588588588588379e+01,4.094247732268689433e+00
4.596596596596596385e+01,4.102709869670714049e+00
4.604604604604604390e+01,4.111169973908295638e+00
4.612612612612612395e+01,4.119630042277609761e+00
4.620620620620620400e+01,4.128092204579844271e+00
4.628628628628628405e+01,4.136558699316447374e+00
4.636636636636636410e+01,4.145031849376599631e+00
4.644644644644644416e+01,4.153514037469078879e+00
4.652652652652652421e+01,4.162007681547271076e+00
4.660660660660660426e+01,4.170515210470213674e+00
4.668668668668668431e+01,4.179039040134468586e+00
4.676676676676676436e+01,4.187581550301413991e+00
4.684684684684684441e+01,4.196145062332304221e+00
4.692692692692692447e+01,4.204731818029491919e+00
4.700700700700700452e+01,4.213343959766532087e+00
4.708708708708708457e+01,4.221983512072839062e+00
4.716716716716716462e+01,4.230652364820244316e+00
4.724724724724724467e+01,4.239352258139541973e+00
4.732732732732732472e+01,4.248084769174885089e+00
4.740740740740740478e+01,4.256851300763276669e+00
4.748748748748748483e+01,4.265653072105270560e+00
4.756756756756756488e+01,4.274491111471738769e+00
4.764764764764764493e+01,4.283366250970447986e+00
4.772772772772772498e+01,4.292279123375213779e+00
4.780780780780780503e+01,4.301230160999998553e+00
4.788788788788788509e+01,4.310219596580555645e+00
4.796796796796796514e+01,4.319247466107225542e+00
4.804804804804804519e+01,4.328313613534607640e+00
4.812812812812812524e+01,4.337417697277045292e+00
4.820820820820820529e+01,4.346559198383358691e+00
4.828828828828828534e+01,4.355737430270232302e+00
4.836836836836836540e+01,4.364951549881132209e+00
4.844844844844844545e+01,4.374200570126665077e+00
4.852852852852852550e+01,4.383483373453136878e+00
4.860860860860860555e+01,4.392798726378455143e+00
4.868868868868868560e+01,4.402145294828886612e+00
4.876876876876876565e+01,4.411521660106152432e+00
4.884884884884884571e+01,4.420926335312206135e+00
4.892892892892892576e+01,4.430357782058575111e+00
4.900900900900900581e+01,4.439814427288511389e+00
4.908908908908908586e+01,4.449294680043082373e+00
4.916916916916916591e+01,4.458796948006943595e+00
4.924924924924924596e+01,4.468319653675627556e+00
4.932932932932932601e+01,4.477861249993589254e+00
4.940940940940940607e+01,4.487420235321181394e+00
4.948948948948948612e+01,4.496995167598603516e+00
4.956956956956956617e+01,4.506584677586014998e+00
4.964964964964964622e+01,4.516187481070970122e+00
4.972972972972972627e+01,4.525802389947112481e+00
4.980980980980980632e+01,4.535428322081476615e+00
4.988988988988988638e+01,4.545064309901738930e+00
4.996996996996996643e+01,4.554709507648940559e+00
5.005005005005004648e+01,4.564363197255751459e+00
5.013013013013012653e+01,4.574024792824846308e+00
5.021021021021020658e+01,4.583693843696364567e+00
5.029029029029028663e+01,4.593370036107693899e+00
5.037037037037036669e+01,4.603053193462547377e+00
5.045045045045044674e+01,4.612743275239736818e+00
5.053053053053052679e+01,4.622440374584686928e+00
5.061061061061060684e+01,4.632144714638759986e+00
5.069069069069068689e+01,4.641856643672601201e+00
5.077077077077076694e+01,4.651576629099978710e+00
5.085085085085084700e+01,4.661305250457808746e+00
5.093093093093092705e+01,4.671043191446254461e+00
5.101101101101100710e+01,4.680791231129827423e+00
5.109109109109108715e+01,4.690550234406319241e+00
5.117117117117116720e+01,4.700321141855094531e+00
5.125125125125124725e+01,4.710104959079726150e+00
5.133133133133133441e+01,4.719902745662272636e+00
5.141141141141141446e+01,4.729715603847495231e+00
5.149149149149149451e+01,4.739544667075217710e+00
5.157157157157157457e+01,4.749391088477667999e+00
5.165165165165165462e+01,4.759256029456292225e+00
5.173173173173173467e+01,4.769140648448954245e+00
5.181181181181181472e+01,4.779046089993958191e+00
5.189189189189189477e+01,4.788973474191879909e+00
5.197197197197197482e+01,4.798923886659839155e+00
5.205205205205205488e+01,4.808898369065743417e+00
5.213213213213213493e+01,4.818897910322262668e+00
5.221221221221221498e+01,4.828923438511815824e+00
5.229229229229229503e+01,4.838975813605007836e+00
5.237237237237237508e+01,4.849055821025588742e+00
5.245245245245245513e+01,4.859164166105408356e+00
5.253253253253253519e+01,4.869301469463011678e+00
5.261261261261261524e+01,4.879468263329600930e+00
5.269269269269269529e+01,4.889664988836148751e+00
5.277277277277277534e+01,4.899891994265679784e+00
5.285285285285285539e+01,4.910149534265038973e+00
5.293293293293293544e+01,4.920437770001174549e+00
5.301301301301301550e+01,4.930756770237976205e+00
5.309309309309309555e+01,4.941106513301178005e+00
5.317317317317317560e+01,4.951486889890829524e+00
5.325325325325325565e+01,4.961897706693458865e+00
5.333333333333333570e+01,4.972338690739257494e+00
5.341341341341341575e+01,4.982809494443558584e+00
5.349349349349349581e+01,4.993309701266592349e+00
5.357357357357357586e+01,5.003838831920917940e+00
5.365365365365365591e+01,5.014396351052248235e+00
5.373373373373373596e+01,5.024981674316416402e+00
5.381381381381381601e+01,5.035594175773196568e+00
5.389389389389389606e+01,5.046233195516440340e+00
5.397397397397397611e+01,5.056898047459531753e+00
5.405405405405405617e+01,5.067588027195589540e+00
5.413413413413413622e+01,5.078302419853031324e+00
5.421421421421421627e+01,5.089040507868960006e+00
5.429429429429429632e+01,5.099801578605627661e+00
5.437437437437437637e+01,5.110584931738398673e+00
5.445445445445445642e+01,5.121389886347711418e+00
5.453453453453453648e+01,5.132215787652011585e+00
5.461461461461461653e+01,5.143062013323665305e+00
5.469469469469469658e+01,5.153927979335378495e+00
5.477477477477477663e+01,5.164813145290525931e+00
5.485485485485485668e+01,5.175717019196997448e+00
5.493493493493493673e+01,5.186639161650597352e+00
5.501501501501501679e+01,5.197579189400729938e+00
5.509509509509509684e+01,5.208536778277786716e+00
5.517517517517517689e+01,5.219511665468501427e+00
5.525525525525525694e+01,5.230503651132248244e+00
5.533533533533533699e+01,5.241512599357991853e+00
5.541541541541541704e+01,5.252538438468085324e+00
5.549549549549549710e+01,5.263581160681408910e+00
5.557557557557557715e+01,5.274640821154388703e+00
5.565565565565565720e+01,5.285717536424171747e+00
5.573573573573573725e+01,5.296811482283462880e+00
5.581581581581581730e+01,5.307922891121577003e+00
5.589589589589589735e+01,5.319052048770590346e+00
5.597597597597597741e+01,5.330199290899513720e+00
5.605605605605605746e+01,5.341364999002842673e+00
5.613613613613613751e+01,5.352549596032717183e+00
5.621621621621621756e+01,5.363753541726304697e+00
5.629629629629629761e+01,5.374977327681795813e+00
5.637637637637637766e+01,5.386221472237626706e+00
5.645645645645645772e+01,5.397486515210149882e+00
5.653653653653653777e+01,5.408773012545130321e+00
5.661661661661661782e+01,5.420081530937922665e+00
5.669669669669669787e+01,5.431412642476205477e+00
5.677677677677677792e+01,5.442766919357680422e+00
5.685685685685685797e+01,5.454144928733096975e+00
5.693693693693693803e+01,5.465547227722602486e+00
5.701701701701701808e+01,5.476974358650513075e+00
5.709709709709709813e+01,5.488426844540369665e+00
5.717717717717717818e+01,5.499905184908649325e+00
5.725725725725725823e+01,5.511409851891539979e+00
5.733733733733733828e+01,5.522941286735155941e+00
5.741741741741741833e+01,5.534499896675240116e+00
5.749749749749749839e+01,5.546086052227913399e+00
5.757757757757757844e+01,5.557700084908488769e+00
5.765765765765765849e+01,5.569342285390709968e+00
5.773773773773773854e+01,5.581012902114167673e+00
5.781781781781781859e+01,5.592712140342972482e+00
5.789789789789789864e+01,5.604440161674326681e+00
5.797797797797797870e+01,5.616197083991101735e+00
5.805805805805805875e+01,5.627982981848431265e+00
5.813813813813813880e+01,5.639797887280132649e+00
5.821821821821821885e+01,5.651641791007065763e+00
5.829829829829829890e+01,5.663514644025950062e+00
5.837837837837837895e+01,5.675416359553908663e+00
5.845845845845845901e+01,5.687346815301096647e+00
5.853853853853853906e+01,5.699305856041183560e+00
5.861861861861861911e+01,5.711293296447224499e+00
5.869869869869869916e+01,5.723308924158617472e+00
5.877877877877877921e+01,5.735352503043380068e+00
5.885885885885885926e+01,5.747423776618860281e+00
5.893893893893893932e+01,5.759522471593379045e+00
5.901901901901901937e+01,5.771648301490912125e+00
5.909909909909909942e+01,5.783800970321060220e+00
5.917917917917917947e+01,5.795980176257005567e+00
5.925925925925925952e+01,5.808185615284892300e+00
5.933933933933933957e+01,5.820416984789307691e+00
5.941941941941941963e+01,5.832673987040958963e+00
5.949949949949949968e+01,5.844956332554395395e+00
5.957957957957957973e+01,5.857263743285746393e+00
5.965965965965965978e+01,5.869595955642639140e+00
5.973973973973973983e+01,5.881952723281065332e+00
5.981981981981981988e+01,5.894333819666616847e+00
5.989989989989989994e+01,5.906739040380381667e+00
5.997997997997997999e+01,5.919168205152801399e+00
6.006006006006006004e+01,5.931621159611858651e+00
6.014014014014014009e+01,5.944097776735093319e+00
6.022022022022022014e+01,5.956597957998170045e+00
6.030030030030030019e+01,5.969121634215836636e+00
6.038038038038038025e+01,5.981668766074255572e+00
6.046046046046046030e+01,5.994239344356835808e+00
6.054054054054054035e+01,6.006833389868541317e+00
6.062062062062062040e+01,6.019450953066636245e+00
6.070070070070070045e+01,6.032092113408466183e+00
6.078078078078078050e+01,6.044756978429430383e+00
6.086086086086086056e+01,6.057445682566668488e+00
6.094094094094094061e+01,6.070158385746121432e+00
6.102102102102102066e+01,6.082895271752535749e+00
6.110110110110110071e+01,6.095656546403659171e+00
6.118118118118118076e+01,6.108442435551336480e+00
6.126126126126126081e+01,6.121253182933317660e+00
6.134134134134134086e+01,6.134089047900601166e+00
6.142142142142142092e+01,6.146950303045666253e+00
6.150150150150150097e+01,6.159837231757381737e+00
6.158158158158158102e+01,6.172750125728530435e+00
6.166166166166166107e+01,6.185689282441638959e+00
6.174174174174174112e+01,6.198655002658481017e+00
6.182182182182182117e+01,6.211647587937997095e+00
6.190190190190190123e+01,6.224667338206417710e+00
6.198198198198198128e+01,6.237714549402413766e+00
6.206206206206206133e+01,6.250789511218706629e+00
6.214214214214214138e+01,6.263892504960179686e+00
6.222222222222222143e+01,6.277023801536890879e+00
6.230230230230230148e+01,6.290183659608591604e+00
6.238238238238238154e+01,6.303372323895486851e+00
6.246246246246246159e+01,6.316590023668007703e+00
6.254254254254254164e+01,6.329836971426217929e+00
6.262262262262262169e+01,6.343113361777435344e+00
6.270270270270270174e+01,6.356419370518446854e+00
6.278278278278278179e+01,6.369755153926502267e+00
6.286286286286286185e+01,6.383120848261184754e+00
6.294294294294294190e+01,6.396516569477020298e+00
6.302302302302302195e+01,6.409942413144698925e+00
6.310310310310310200e+01,6.423398454576735972e+00
6.318318318318318205e+01,6.436884749151468021e+00
6.326326326326326210e+01,6.450401332827476963e+00
6.334334334334334216e+01,6.463948222838863167e+00
6.342342342342342221e+01,6.477525418560197146e+00
6.350350350350350226e+01,6.491132902528558901e+00
6.358358358358358231e+01,6.504770641608904391e+00
6.366366366366366236e+01,6.518438588287769342e+00
6.374374374374374241e+01,6.532136682079568324e+00
6.382382382382382247e+01,6.545864851028864173e+00
6.390390390390390252e+01,6.559623013291520977e+00
6.398398398398398257e+01,6.573411078777277261e+00
6.406406406406406973e+01,6.587228950836002461e+00
6.414414414414414978e+01,6.601076527969999219e+00
6.422422422422422983e+01,6.614953705554806440e+00
6.430430430430430988e+01,6.628860377551296423e+00
6.438438438438438993e+01,6.642796438192364761e+00
6.446446446446446998e+01,6.656761783628191154e+00
6.454454454454455004e+01,6.670756313514759839e+00
6.462462462462463009e+01,6.684779932531332847e+00
6.470470470470471014e+01,6.698832551813568514e+00
6.478478478478479019e+01,6.712914090290122537e+00
6.486486486486487024e+01,6.727024475911840717e+00
6.494494494494495029e+01,6.741163646763951078e+00
6.502502502502503035e+01,6.755331552053033484e+00
6.510510510510511040e+01,6.769528152962027256e+00
6.518518518518519045e+01,6.783753423367928193e+00
6.526526526526527050e+01,6.798007350418365569e+00
6.534534534534535055e+01,6.812289934964741889e+00
6.542542542542543060e+01,6.826601191851010775e+00
6.550550550550551065e+01,6.840941150058717390e+00
6.558558558558559071e+01,6.855309852710260721e+00
6.566566566566567076e+01,6.869707356933728803e+00
6.574574574574575081e+01,6.884133733593898796e+00
6.582582582582583086e+01,6.898589066895287836e+00
6.590590590590591091e+01,6.913073453864168272e+00
6.598598598598599096e+01,6.927587003717573744e+00
6.606606606606607102e+01,6.942129837128184988e+00
6.614614614614615107e+01,6.956702085394861790e+00
6.622622622622623112e+01,6.971303889529224307e+00
6.630630630630631117e+01,6.985935399269335377e+00
6.638638638638639122e+01,7.000596772031916437e+00
6.646646646646647127e+01,7.015288171814954232e+00
6.654654654654655133e+01,7.030009768062693176e+00
6.662662662662663138e+01,7.044761734505099682e+00
6.670670670670671143e+01,7.059544247983932763e+00
6.678678678678679148e+01,7.074357487277254108e+00
6.686686686686687153e+01,7.089201631934114012e+00
6.694694694694695158e+01,7.104076861130601550e+00
6.702702702702703164e+01,7.118983352558114319e+00
6.710710710710711169e+01,7.133921281354058230e+00
6.718718718718719174e+01,7.148890819084489756e+00
6.726726726726727179e+01,7.163892132787574418e+00
6.734734734734735184e+01,7.178925384085847128e+00
6.742742742742743189e+01,7.193990728374400234e+00
6.750750750750751195e+01,7.209088314091230743e+00
6.758758758758759200e+01,7.224218282075018926e+00
6.766766766766767205e+01,7.239380765014569619e+00
6.774774774774775210e+01,7.254575886993235301e+00
6.782782782782783215e+01,7.269803763130516572e+00
6.790790790790791220e+01,7.285064499322112752e+00
6.798798798798799226e+01,7.300358192078642894e+00
6.806806806806807231e+01,7.315684928462284020e+00
6.814814814814815236e+01,7.331044786119641721e+00
6.822822822822823241e+01,7.346437833408253404e+00
6.830830830830831246e+01,7.361864129613222119e+00
6.838838838838839251e+01,7.377323725249752329e+00
6.846846846846847257e+01,7.392816662446530351e+00
6.854854854854855262e+01,7.408342975404239361e+00
6.862862862862863267e+01,7.423902690922942860e+00
6.870870870870871272e+01,7.439495828991451454e+00
6.878878878878879277e+01,7.455122403431388101e+00
6.886886886886887282e+01,7.470782422588345462e+00
6.894894894894895288e+01,7.486475890062110672e+00
6.902902902902903293e+01,7.502202805467891089e+00
6.910910910910911298e+01,7.517963165220261423e+00
6.918918918918919303e+01,7.533756963331547318e+00
6.926926926926927308e+01,7.549584192216421741e+00
6.934934934934935313e+01,7.565444843494651295e+00
6.942942942942943318e+01,7.581338908784061026e+00
6.950950950950951324e+01,7.597266380476161984e+00
6.958958958958959329e+01,7.613227252487179797e+00
6.966966966966967334e+01,7.629221520977639059e+00
6.974974974974975339e+01,7.645249185034181494e+00
6.982982982982983344e+01,7.661310247307750565e+00
6.990990990990991349e+01,7.677404714602878322e+00
6.998998998998999355e+01,7.693532598413446166e+00
7.007007007007007360e+01,7.709693915400884556e+00
7.015015015015015365e+01,7.725888687811426792e+00
7.023023023023023370e+01,7.742116943829820741e+00
7.031031031031031375e+01,7.758378717867427277e+00
7.039039039039039380e+01,7.774674050783497492e+00
7.047047047047047386e+01,7.791002990038983889e+00
7.055055055055055391e+01,7.807365589782980564e+00
7.063063063063063396e+01,7.823761910872557124e+00
7.071071071071071401e+01,7.840192020827367436e+00
7.079079079079079406e+01,7.856655993721009423e+00
7.087087087087087411e+01,7.873153910011761347e+00
7.095095095095095417e+01,7.889685856315754364e+00
7.103103103103103422e+01,7.906251925126239755e+00
7.111111111111111427e+01,7.922852214482968058e+00
7.119119119119119432e+01,7.939486827596160090e+00
7.127127127127127437e+01,7.956155872429850007e+00
7.135135135135135442e+01,7.972859461249692359e+00
7.143143143143143448e+01,7.989597710140533771e+00
7.151151151151151453e+01,8.006370738499251516e+00
7.159159159159159458e+01,8.023178668508453626e+00
7.167167167167167463e+01,8.040021624596668914e+00
7.175175175175175468e+01,8.056899732890748567e+00
7.183183183183183473e+01,8.073813120665995768e+00
7.191191191191191479e+01,8.090761915799570048e+00
7.199199199199199484e+01,8.107746246232471421e+00
7.207207207207207489e+01,8.124766239445206040e+00
7.215215215215215494e+01,8.141822021952016541e+00
7.223223223223223499e+01,8.158913718818215699e+00
7.231231231231231504e+01,8.176041453204838660e+00
7.239239239239239510e+01,8.193205345944505780e+00
7.247247247247247515e+01,8.210405515151901312e+00
7.255255255255255520e+01,8.227642075871901994e+00
7.263263263263263525e+01,8.244915139768004053e+00
7.271271271271271530e+01,8.262224814853055932e+00
7.279279279279279535e+01,8.279571205264099731e+00
7.287287287287287540e+01,8.296954411082346326e+00
7.295295295295295546e+01,8.314374528199131476e+00
7.303303303303303551e+01,8.331831648228005704e+00
7.311311311311311556e+01,8.349325858462766092e+00
7.319319319319319561e+01,8.366857241880730101e+00
7.327327327327327566e+01,8.384425877190210485e+00
7.335335335335335571e+01,8.402031838920585471e+00
7.343343343343343577e+01,8.419675197553150525e+00
7.351351351351351582e+01,8.437356019690451348e+00
7.359359359359359587e+01,8.455074368261508155e+00
7.367367367367367592e+01,8.472830302760101517e+00
7.375375375375375597e+01,8.490623879512925853e+00
7.383383383383383602e+01,8.508455151974297692e+00
7.391391391391391608e+01,8.526324171043873079e+00
7.399399399399399613e+01,8.544230985403682865e+00
7.407407407407407618e+01,8.562175641870704013e+00
7.415415415415415623e+01,8.580158185761128209e+00
7.423423423423423628e+01,8.598178661262457112e+00
7.431431431431431633e+01,8.616237111809528670e+00
7.439439439439439639e+01,8.634333580460756608e+00
7.447447447447447644e+01,8.652468110270740809e+00
7.455455455455455649e+01,8.670640744655802479e+00
7.463463463463463654e+01,8.688851527748855830e+00
7.471471471471471659e+01,8.707100504740500568e+00
7.479479479479479664e+01,8.725387722203207019e+00
7.487487487487487670e+01,8.743713228395831649e+00
7.495495495495495675e+01,8.762077073545931682e+00
7.503503503503503680e+01,8.780479310107599744e+00
7.511511511511511685e+01,8.798919992992878747e+00
7.519519519519519690e+01,8.817399179775067708e+00
7.527527527527527695e+01,8.835916930862646623e+00
7.535535535535535701e+01,8.854473309642704848e+00
7.543543543543543706e+01,8.873068382593297443e+00
7.551551551551551711e+01,8.891702219364260529e+00
7.559559559559559716e+01,8.910374892826499860e+00
7.567567567567567721e+01,8.929086479090004858e+00
7.575575575575575726e+01,8.947837057491140555e+00
7.583583583583583732e+01,8.966626710550093193e+00
7.591591591591591737e+01,8.985455523899597452e+00
7.599599599599599742e+01,9.004323586186332662e+00
7.607607607607607747e+01,9.023230988946595588e+00
7.615615615615615752e+01,9.042177826458161150e+00
7.623623623623623757e+01,9.061164195570237112e+00
7.631631631631631763e+01,9.080190195513873519e+00
7.639639639639639768e+01,9.099255927695017121e+00
7.647647647647647773e+01,9.118361495472790068e+00
7.655655655655655778e+01,9.137507003925444238e+00
7.663663663663663783e+01,9.156692559606668169e+00
7.671671671671671788e+01,9.175918270294861401e+00
7.679679679679679793e+01,9.195184244737994561e+00
7.687687687687687799e+01,9.214490592396723301e+00
7.695695695695695804e+01,9.233837423188353100e+00
7.703703703703703809e+01,9.253224847234088557e+00
7.711711711711711814e+01,9.272652974612066501e+00
7.719719719719719819e+01,9.292121915118476849e+00
7.727727727727727824e+01,9.311631778038865548e+00
7.735735735735735830e+01,9.331182671931726347e+00
7.743743743743743835e+01,9.350774704426209283e+00
7.751751751751751840e+01,9.370407982035564132e+00
7.759759759759759845e+01,9.390082609987848272e+00
7.767767767767767850e+01,9.409798692075158399e+00
7.775775775775775855e+01,9.429556330522403940e+00
7.783783783783783861e+01,9.449355625876492581e+00
7.791791791791791866e+01,9.469196676916512345e+00
7.799799799799799871e+01,9.489079580585363161e+00
7.807807807807807876e+01,9.509004431942907232e+00
7.815815815815815881e+01,9.528971324140686150e+00
7.823823823823823886e+01,9.548980348417924091e+00
7.831831831831831892e+01,9.569031594118296624e+00
7.839839839839839897e+01,9.589125148726894921e+00
7.847847847847847902e+01,9.609261097926511397e+00
7.855855855855855907e+01,9.629439525672184530e+00
7.863863863863863912e+01,9.649660514282926371e+00
7.871871871871871917e+01,9.669924144549288059e+00
7.879879879879879923e+01,9.690230495855255199e+00
7.887887887887887928e+01,9.710579646313078683e+00
7.895895895895895933e+01,9.730971672909280556e+00
7.903903903903903938e+01,9.751406651660170510e+00
7.911911911911911943e+01,9.771884657775148142e+00
7.919919919919919948e+01,9.792405765825963115e+00
7.927927927927927954e+01,9.812970049920107130e+00
7.935935935935935959e+01,9.833577583876584427e+00
7.943943943943943964e+01,9.854228441402215211e+00
7.951951951951951969e+01,9.874922696266800415e+00
7.959959959959959974e+01,9.895660422475309304e+00
7.967967967967967979e+01,9.916441694435640386e+00
7.975975975975975985e+01,9.937266587120273442e+00
7.983983983983983990e+01,9.958135176220407558e+00
7.991991991991991995e+01,9.979047538291270669e+00
8.000000000000000000e+01,1.000000375088735005e+01
